text,topic
"For the second straight game, California scored a ton of late runs to crush
the Brewhas. It was six runs in the 8th for a 12-5 win Monday and five in
the 8th and six in the 9th for a 12-2 win yesterday. Jamie Navarro pitched
seven strong innings, but Orosco, Austin, Manzanillo and Lloyd all took part
in the mockery of a bullpen yesterday. How's this for numbers? Maldanado has
pitched three scoreless innings and Navarro's ERA is 0.75. The next lowest
on the staff is Wegman at 5.14. Ouch!

It doesn't look much better for the hitters. Hamilton is batting .481, while
Thon is hitting .458 and has seven RBI. The next highest is three. The next
best hitter is Jaha at .267 and then Vaughn, who has the team's only HR, at
.238. Another ouch. Looking at the stats, it's not hard to see why the team
is 2-5. In fact, 2-5 doesn't sound bad when you're averaging three runs/game
and giving up 6.6/game. 

Still, it's early and things will undoubtedly get better. The offense should
come around, but the bullpen is a major worry. Fetters, Plesac and Austin gave
the Brewers great middle relief last year. Lloyd, Maldanado, Manzanillo, 
Fetters, Austin and Orosco will have to pick up the pace for the team to be
successful. Milwaukee won a number of games last year when middle relief either
held small leads or kept small deficits in place. The starters will be okay,
the defense will be alright and the hitting will come around, but the bullpen
is a big question mark.

In other news, Nilsson and Doran were reactivated yesterday, while William
Suero was sent down and Tim McIntosh was picked up by Montreal. Today's game
with California was cancelled.",rec.sport.baseball
"
Well, had you been a bit less exuberant in both the tone and substance of
your predictions, the responses would probably have been a bit more
measured. Be that as it may....

Clemens is always in this form, and Viola isn't really performing beyond
what might reasonably have been expected. How do you know that the Sox are
responding to them, and not to Al Bumbry, Hobson, or (my most likely
suspect) new hitting coach Mike Easler? I certainly am more likely to give
Easler credit for Mo Vaughhn's hot start than Clemens or Viola.

This was the optimistic scenario, but not unreasonably so. He hasn't shown
much power yet, though.

How can you tell that Dawson is providing the leadership? Perhaps it's
Calderon? Perhaps it's Clemens and Viola? Maybe Hobson is finally showing
those people skills he was supposed to have when they hired him. Or maybe
it's all a myth. And Dawson has been hitting reasonably well, but not as
well as Greenwell, Vaughn, Cooper, or Fletcher.

In three games. Why don't we look at this one again in, say, July?

A bit better than could reasonably have been expected. But don't forget that
Zupcic looked like Wade Boggs lite for about 75 AB's last year. Beware of
small sample sizes. Still, if Fletcher hits as well as he did last year he'd
be a great improvement over any Sox leadoff hitter from last year. Be aware
that his career numbers seem to indicate that he puts up good numbers as
long as he doesn't have to make more than 300 AB or so in a year.

Ummm...sorry, no. I can buy the ""in the field"" part, and I think he'll be
better at the plate than the 1992 Boggs, but in general Cooper, while he'll
be a pretty good hitter, couldn't carry Boggs' jockstrap. With a little
luck, he could be the fourth or fifth best 3B in the AL (Martinez, Boggs,
Ventura, and Palmer will all be better).


See, here is where you make that quick left turn off into the aether. .500
is plausible, third is not unlikely, but phrases like ""could run away with
the division"" are likely to get you a visit from the men in the white
coats. It's not really clear that their staff is better than last year. If
Russell does well, Darwin doesn't go on the DL, and Hesketh doesn't pitch
just barely well enough to avoid losing his spot in the rotation, they could
be better. On the other hand, if Hesketh pitches miserably and they're too
stupid to move him to the pen and bring up Conroy or somebody, Fossas
continues to pitch dismally but they keep giving him innings becasue he's a
lefty, and Russell explodes they could be pretty bad.

 Mike Jones | AIX High-End Development | mjones@donald.aix.kingston.ibm.com",rec.sport.baseball
"
The speculum is the little cone that fits on the end of the otoscope.
There are also vaginal specula that females and gynecologists are
all too familiar with.
-- 
----------------------------------------------------------------------------
Gordon Banks  N3JXP      | ""Skepticism is the chastity of the intellect, and
geb@cadre.dsl.pitt.edu   |  it is shameful to surrender it too soon."" ",sci.med
"
I wondered the same thing.  When he first mentioned it, I thought he was
just making a mistake but then he said it over and over.  And then in the
examples from other years, he gave stats for players from both leagues even
when only one league expanded.

So (since stats *NEVER* lie :-) ), I guess there is an effect on both leagues
because the expansion draft takes talent from both leagues equally making 
every team in both leagues dilute their major league talent by calling up
players that, normally, they would not have had there not been expansion.",rec.sport.baseball
"
I've been saying that for at least 2 years now and even the A's conditioning
guru told Jose he was carrying too much weight and losing some would help
his back.Although I don't for one second believe Jose used steroids,his
back problems are very similar to problems alot of steroid users experience
because they are simply carrying too much weight on their frame(see Jeff
Bregel ex 49er as a textbook example), and IMHO Jose is too big for his
frame.



I can't imagine how to estimate bat speed, but its pretty obvious that
Jose is missing fastballs he used to hit, likely due to his back.



I don't know, he had an even more open stance when he first came up with
the A's, and had no problems with it then. It might be that pre-back
problems, he was quick enough to cover up any deficiencies the stance
caused, but now he's lost just enough bat speed that the stance hurts
him. The old saying if you're hot its a trigger mechanism, if you're
cold, its a hitch. 


The biggest problem IMHO is he never has found a stance he's comfortable
with for more than a few months. He changes his stance so much, he loses
track of where the strike zone is. In Wednesday's night game, he was 
clearly mad at strike calls on both corners that looked pretty good to
me. I think he no longer knows where the strike zone really is because
he's changed his stance so much.

I'm also a bit concerned that because he's got Palmer and Gonzalez hitting
all the homeruns, he'll become competitive, swing even harder and screw
himself up even worse. LaRussa always said that Canseco's famous batting
practice homer shows did him more harm than good as they encouraged
bad hitting habits.


",rec.sport.baseball
"

The name is a working name only; quite unofficial.  The formal designation
is 1993 FW.
",sci.space
"As nobody in the food industry has even bothered to address my previous
question ""WHY DO YOU NEED TO PUT MSG IN ALMOST EVERY FOOD?"" I must assume
that my wife's answer is closer to the truth than I hoped it was.

She believes that MSG is added to food to cause people to eat more of it
and not quit when they shoud be sated.  To put it a different way, she 
believes that for some people MSG causes them to act toward food like an addict.  
(Eat all the chips, chow down on several packages of noodle soup .... you get the
idea! }  IF she is right, then the moral and ethical standards of the 
food, chemical and regulatory groups need to be addressed!!!  Can MSG
be considered a conditioning substance (not addictive but sort of habit
forming) ?

This brings up a side question of mine.   I have noticed that cats (my
children's and my parent's) seem to fixate on a particular brand of pet
food. The cat will eat any product within one brand and not any other
brand.  I have wondered if this is not a case of preference, but, some
sort of chemical training or addiction. My questions, for the net, are:
Does the FDA regulate the contents of pet food?  Is it allowed for pet
food to contain addictive or conditioning substances?  Is MSG put in 
pet food?

-----------------------------------
I speak for myself and not Motorola
-----------------------------------
 ",sci.med
"Sumatriptan(Imitrex) just became available in the US in a subcutaneous
injectable form.  Is there an oral form available in CA?  A friend(yes
really not me!)  has severe migranes about 2-3 times per week.  We
live right by the CA border and he has gotten drugs for GERD prescribed
by a US physician and filled in a CA pharmacy, but not yet FDA approved
in the US.  What would be the cost of the oral form in CA$ also if
anyone would have that info?    ",sci.med
"

PDR and CPS are good places to starts.

do a medline search... lots of interesting debates going on (remember
when Prozac was impicated in suicidal behaviour?)",sci.med
"
In order to excitotoxin effects of MSG, MSG that in blood must go through 
blood-brain barrier that I am not sure MSG can go through or not. In normal condition, the concentration of glutamate in the cerebrospinal fluid is about 
2 uM that is high enough to activate one type of glutamate receptor-the NMDA
receptor. But the question is Neuron and glial cell in the brain have a lots of transport to get glutamate into Neuron or glial. So no one know exact concentration of glutamate is around neurons. ",sci.med
"
When the Lunar Society's $500M estimate of the cost of a lunar colony was
mentioned at Making Orbit, somebody asked Jerry Pournelle ""have you talked
to Bill Gates?"".  The answer:  ""Yes.  He says that if he were going to
sink that much money into it, he'd want to run it -- and he doesn't have
the time.""

(Somebody then asked him about Perot.  Answer:  ""Having Ross Perot on your
board may be a bigger problem than not having the money."")",sci.space
"Hello,  I am not sure if this is the right conference to ask this
question, however, Here I go..  I am a commercial fisherman and I 
fell about 3 weeks ago down into the hold of the boat and broke or
cracked a rib and wrenched and bruised my back and left arm.
  My question,  I have been to a doctor and was told that it was 
best to do nothing and it would heal up with no long term effect, and 
indeed I am about 60 % better, however, the work I do is very 
hard and I am still not able to go back to work.  The thing that worries me
is the movement or ""clunking"" I feel and hear back there when I move 
certain ways...  I heard some one talking about the rib they broke 
years ago and that it still bothers them.ÿ.  any opinions?
thanx and cheers",sci.med
"Hello everyone,

	I was hoping someone could help me out.  I'm writing a program
	for my astronautics class for assent of the shuttle into a low
	orbit.  There are two things I'd like to know, First, how much 
	time elapses between launch and the pitch over. Second, what is
	the cross-sectional area of the shuttle, srb's, and ext. tank.

	Thanks for any information, post or e-mail.",sci.space
"




Um, what?  Eddie Murray was a superb first baseman for a *long* time.

Winfield as produced consistently for almsot 20 years, and excellently
on several occasions.  

Dave Kingman's *best* year was like Darryl Strawberry's *typical*
year with the Mets.  

Darrell Evans, too, did a whole lot more than just hit homers, which 
*is* all that Kong did.  



Whom are you talking about?  Yes, Eddie Murray is marginal, but that's
because he's 38 years old.  He wasn't marginal for a *long* time.



Not.  

Smith has hung around for a long time AND fielded the position better 
than anyone else ever has.

Yount stopped being a shortstop about a decade ago, in case you hadn't 
noticed.

One of his two MVP awards was as a centerfielder.



Like whom?  There are many players in the Hall who aren't anywhere near
as goos as the guys you're running down.


That's already the case, by some standards.  But the *bad* players in the 
Hall are all from the 20's and 30's.  Recent picks have generally been
excellent.


No, but who cares?  Was Stan Musial anywhere near as good as Babe Ruth?
Not really.  But he obviously belongs there.

The Hall has generally had about the top 1% of major leaguers.  As 
more players come through the game, more will be in that top 1%.  

And, yes, it's pretty easy to argue that Smith,. Yount, Evans, Winfield,
etc. are in the top 1%.  Dave Kingman on the other hand, was a liability
throughout most of his career.

Of course, Garvey *hasn't* gotten a lot of HOF press, so I don't know
what you mean.  

As for Ryan, is his W-L better than Morris'?  That's what a lot of voters
tend to look at.  And Morris *was* awfully good for a decade, and doesn't
lead MLB history in walks allowed, either.",rec.sport.baseball
":I recently attended an allery seminar.  Steroid Nasal sprays were 
:discussed.  Afterward on a one-on-one basis, I asked the speaker what if 
:none of the Vancanese, Beconase, Nasalide, Nasalcort, or Nasalchrom work 
:nor do any oral decongestants work.  She replied that she saw an article on 
:Vasomotor Rhinitis.  That this is not an allergic reaction and that nothing 
:other than the Afrin's and such would work.  (Which in my case is true).

There has been some recent research on vasomotor rhinitis that shows that
ipratroprium bromide (Atrovent) inhaled nasally is an effective treatment
for many sufferers.  It has been approved for this use and is available
with a nasal adaptor in Canada.  In the US the FDA has yet to approve this
use of the drug, but it is available as an oral inhaler (for COPD), and
these can be adapted for intranasal use.

",sci.med
"
Yeah, yeah, yeah.  I didn't threaten to rip your lips off, did I?
Snort.


Duh.


Listen: thrush is a recognized clinical syndrome with definite
characteristics.  If you have thrush, you have thrush, because you can
see the lesions and do a culture and when you treat it, it generally
responds well, if you're not otherwise immunocompromised.  Noring's
anal-retentive idee fixe on having a fungal infection in his sinuses
is not even in the same category here, nor are these walking neurasthenics
who are convinced they have ""candida"" from reading a quack book.


So?
",sci.med
"



I like the Mariners a lot, but my heart belongs to the Cubs...You can imagine
my frustration when I saw the Cubs nabbing LeFebvre...ARHGGHRGHH!

-John Neuharth",rec.sport.baseball
"
I think this is a little inaccurate, based on Feynman's account of the
software-development process *before* the standdown.  Fred is basically
correct:  no sophisticated tools, just a lot of effort and painstaking
care.  But they got this one right *before* Challenger; Feynman cited
the software people as exemplary compared to the engine people.  (He
also noted that the software people were starting to feel management
pressure to cut corners, but hadn't had to give in to it much yet.)

Among other things, the software people worked very hard to get things
right for the major pre-flight simulations, and considered a failure
during those simulations to be nearly as bad as an in-flight failure.
As a result, the number of major-simulation failures could be counted
on one hand, and the number of in-flight failures was zero.

As Fred mentioned elsewhere, this applies only to the flight software.
Software that runs experiments is typically mostly put together by the
experimenters, and gets nowhere near the same level of Tender Loving Care.
(None of the experimenters could afford it.)",sci.space
"Following a series of miscarriages, my wife was given a transfusion of
my white cells. (The theory as I understand it is that there is some kind
of immune blocking that prevents the body from attacking the pregnancy as
it normally would a ""foreign"" body. Where this blocking is deficient, the
body evicts the ""intruder"", resulting in a miscarriage. The white cells
apparently enhance the blocking capability.) Following the transfusion, she
successfully carried the next pregnancy to term, and Jake is now an active
9 month-old who cannot wait to walk.
     We're now thinking about having another child, but no one (including
the OBGYN who supervised the first transfusion) really seems to know
whether or not the transfusion process needs to be repeated for successive
pregnancies.
     Is there anyone in net-land who has experience with this?
Thanks...Gene (and Jane and Jake)",sci.med
"
Hi Janet,

Sounds exactly like mine.  Same circumstance, same onset symptoms, 
same cafergot uselessness, same duration.  In fact, of all the people
I know who have migraines, none have been so similar.  There is such
a wide variation between people with respect to what causes their
headaches, that I generally don't bother sharing what I've learned
about mine, but since ours seem to be alike, here are my observations.

I don't think it's heat, per se (I've had more in winter than summer).
Dehydration could conceivably figure, though.  Try tanking up before
playing rather than after.

Being in shape doesn't seem to help me much, either.

I've identified four factors that do make a difference (listed in 
descending order of importance):

1) Heavy exercise
2) Sleep deprivation
3) Fasting		(e.g., skipped breakfast)
4) Physical trauma	(e.g., head bonk)

Heavy exercise has preceded all of my post-adolescent migraines, but I 
don't get migraines after every heavy exercise session.  One or more of 
the other factors *must* be present (usually #2).  Since I discovered 
this, I've been nearly migraine-free -- relapsing only once every two 
or three years when I get cocky (""It's been so long, maybe I just don't 
get them anymore"") and stop being careful.

Hope this is helpful.",sci.med
"I am looking for a source of American League baseball stats for
individual players in the same format as printed in newspapers, ie. I do
not want to provide a list of players and get back nice printed reports
for $35 a week.

Does anyone know of such statistics availability and an idea of the
cost?",rec.sport.baseball
"I may not be the world's greatest expert on chiggers (a type of
mite indigenous to the south), but I certainly have spent a lot
of time contemplating the little buggers over the past six years
(since we moved to N.C.).  Here are some observations gained from
painful experience:

  1. Reactions to chiggers vary greatly from person to person.
     Some people get tiny red bites.  Others (like me) are more
     sensitive and get fairly large swollen sore-like affairs.

  2. Chigger bites are the gift that keeps on giving.  I swear
     that these things will itch for months.

  3. There is a lot of folklore about chiggers.  I think most of
     it is fiction.  I have tried to do research on the critters,
     since they have such an effect on me.  The only book I could
     find on the subject was a *single* book in UNC's special
     collections library.  I have not yet gone through what is
     required to get it.

  4. Based on my experience and that of my family members, the old
     folk remedy of fingernail polish simply doesn't work.  I recall
     reading that the theory upon which it is based (that the chiggers
     burrow into your skin and continue to party there) is false.  I
     think it is more likely that the reaction is to toxins of some
     sort the little pests release.  But this is speculation.

  5. The *best* approach is prevention.  A couple of things work well.
     A good insect repellent (DEET) such as Deep Woods Off liberally
     applied to ankles, waistband, etc. is a good start.  There is
     another preparation called ""Chig Away"" that is a combination of
     sulfur and some kind of cream (cortisone?) that originally was
     prepared for the Army and is not commercially available.  In
     the summer I put this on my ankles every morning when I get
     up on weekends since I literally can't go outside where we
     live (in the country) without serious consequences.  (They
     apparently don't like sulfur much at all.  You can use sulfur
     as a dust on your body or clothing to repel them.)

  6. No amount of prevention will be *completely* successful.  Forget
     the fingernail polish.  I have finally settled upon a treatment
     that involves topical application of a combination of cortisone
     creme (reduces the inflamation and swelling) and benzocaine
     (relieves the itch).  I won't tell you all the things I've tried.
     Nor will I tell you some of the things my wife does since this
     counts as minor surgery and is best not mentioned (I also think
     it gains nothing).

  7. The swelling and itching can also be significantly relieved
     by the application of hot packs, and this seems to speed recovery
     as well.

Doctors seem not to care much about chiggers.  The urban and suburban
doctors apparently don't encounter them much.  And the rural doctors
seem to regard them as a force of nature that one must endure.  I
suspect that anyone who could come up with a good treatment for chiggers
would make a *lot* of money.",sci.med
"You may want to inquire about taking Lupron as a medication. It's
supposed to be a new treatment, and it's described in Nov. 1992
issue of J. of Obst. and Gyn.",sci.med
"This is generally called phimosis..usually it is due to an inflammation, and ca
n be retracted in the physician's offfice rather eaaasily.  One should see a GP
, or in complicated cases, a urologist.
",sci.med
"
Hrm. Sandy Alomar, 24 year old rookie: 132 games, .290/.326/.418. Threw
out a few baserunners. Benito Santiago, 22 year old rookie: 146 games,
.300/.324/.467. He threw out a few baserunners, too. Ivan Rodriguez,
*20* year old rookies: 88 games, .264/.276/.354. Didn't exactly suck
behind the plate.


True. Which only makes it more important to realize when you have one of the
few. Lopez' season last year, adjusted to major league equivalencies, was
.306/.330/.472, 15 HRs. How bad does he have to be behind the plate for that
to not be better than Olson's .238/.316/.328?

 Mike Jones | AIX High-End Development | mjones@donald.aix.kingston.ibm.com",rec.sport.baseball
